UniProtid,AAid,AA,SASA
P03612_Coat_Protein_*,1,ALA,17199.0
P03612_Coat_Protein_*,2,SER,10285.93
P03612_Coat_Protein_*,3,ASN,3123.83
P03612_Coat_Protein_*,4,PHE,2122.74
P03612_Coat_Protein_*,5,THR,10105.59
P03612_Coat_Protein_*,6,GLN,18657.53
P03612_Coat_Protein_*,7,PHE,1879.45
P03612_Coat_Protein_*,8,VAL,9969.65
P03612_Coat_Protein_*,9,LEU,77.46
P03612_Coat_Protein_*,10,VAL,29.66
P03612_Coat_Protein_*,11,ASP,16394.96
P03612_Coat_Protein_*,12,ASN,11016.33
P03612_Coat_Protein_*,13,GLY,10247.289999999999
P03612_Coat_Protein_*,14,GLY,11537.11
P03612_Coat_Protein_*,15,THR,21674.66
P03612_Coat_Protein_*,16,GLY,8595.06
P03612_Coat_Protein_*,17,ASP,9137.92
P03612_Coat_Protein_*,18,VAL,4190.83
P03612_Coat_Protein_*,19,THR,9856.19
P03612_Coat_Protein_*,20,VAL,14.420000000000002
P03612_Coat_Protein_*,21,ALA,4635.07
P03612_Coat_Protein_*,22,PRO,2153.63
P03612_Coat_Protein_*,23,SER,1406.61
P03612_Coat_Protein_*,24,ASN,5515.13
P03612_Coat_Protein_*,25,PHE,2515.07
P03612_Coat_Protein_*,26,ALA,4874.12
P03612_Coat_Protein_*,27,ASN,17023.83
P03612_Coat_Protein_*,28,GLY,2364.01
P03612_Coat_Protein_*,29,VAL,9603.76
P03612_Coat_Protein_*,30,ALA,24.76
P03612_Coat_Protein_*,31,GLU,4580.29
P03612_Coat_Protein_*,32,TRP,0.0
P03612_Coat_Protein_*,33,ILE,2343.28
P03612_Coat_Protein_*,34,SER,1428.51
P03612_Coat_Protein_*,35,SER,15048.86
P03612_Coat_Protein_*,36,ASN,9644.18
P03612_Coat_Protein_*,37,SER,541.23
P03612_Coat_Protein_*,38,ARG,6585.7
P03612_Coat_Protein_*,39,SER,2941.84
P03612_Coat_Protein_*,40,GLN,4854.2
P03612_Coat_Protein_*,41,ALA,367.15
P03612_Coat_Protein_*,42,TYR,4404.19
P03612_Coat_Protein_*,43,LYS,9793.92
P03612_Coat_Protein_*,44,VAL,10.0
P03612_Coat_Protein_*,45,THR,4344.59
P03612_Coat_Protein_*,46,CYS,884.72
P03612_Coat_Protein_*,47,SER,6249.67
P03612_Coat_Protein_*,48,VAL,4583.36
P03612_Coat_Protein_*,49,ARG,22695.91
P03612_Coat_Protein_*,50,GLN,16306.42
P03612_Coat_Protein_*,51,SER,9114.39
P03612_Coat_Protein_*,52,SER,9204.62
P03612_Coat_Protein_*,53,ALA,14770.09
P03612_Coat_Protein_*,54,GLN,15579.74
P03612_Coat_Protein_*,55,ASN,6130.93
P03612_Coat_Protein_*,56,ARG,3446.65
P03612_Coat_Protein_*,57,LYS,6975.72
P03612_Coat_Protein_*,58,TYR,283.03
P03612_Coat_Protein_*,59,THR,5217.44
P03612_Coat_Protein_*,60,ILE,331.0
P03612_Coat_Protein_*,61,LYS,16804.74
P03612_Coat_Protein_*,62,VAL,1216.37
P03612_Coat_Protein_*,63,GLU,7183.03
P03612_Coat_Protein_*,64,VAL,1666.56
P03612_Coat_Protein_*,65,PRO,1955.45
P03612_Coat_Protein_*,66,LYS,9397.2
P03612_Coat_Protein_*,67,VAL,13459.64
P03612_Coat_Protein_*,68,ALA,3739.33
P03612_Coat_Protein_*,69,THR,12236.99
P03612_Coat_Protein_*,70,GLN,9872.63
P03612_Coat_Protein_*,71,THR,11745.75
P03612_Coat_Protein_*,72,VAL,15497.97
P03612_Coat_Protein_*,73,GLY,5231.64
P03612_Coat_Protein_*,74,GLY,4530.42
P03612_Coat_Protein_*,75,VAL,4245.72
P03612_Coat_Protein_*,76,GLU,17292.51
P03612_Coat_Protein_*,77,LEU,7409.01
P03612_Coat_Protein_*,78,PRO,7416.55
P03612_Coat_Protein_*,79,VAL,5101.4
P03612_Coat_Protein_*,80,ALA,7058.37
P03612_Coat_Protein_*,81,ALA,4249.5
P03612_Coat_Protein_*,82,TRP,5432.91
P03612_Coat_Protein_*,83,ARG,5119.95
P03612_Coat_Protein_*,84,SER,749.02
P03612_Coat_Protein_*,85,TYR,17238.99
P03612_Coat_Protein_*,86,LEU,1538.23
P03612_Coat_Protein_*,87,ASN,8619.67
P03612_Coat_Protein_*,88,MET,657.39
P03612_Coat_Protein_*,89,GLU,11925.06
P03612_Coat_Protein_*,90,LEU,609.84
P03612_Coat_Protein_*,91,THR,5129.55
P03612_Coat_Protein_*,92,ILE,701.78
P03612_Coat_Protein_*,93,PRO,1484.0
P03612_Coat_Protein_*,94,ILE,3907.69
P03612_Coat_Protein_*,95,PHE,2909.9
P03612_Coat_Protein_*,96,ALA,227.24
P03612_Coat_Protein_*,97,THR,6695.78
P03612_Coat_Protein_*,98,ASN,6284.18
P03612_Coat_Protein_*,99,SER,13021.09
P03612_Coat_Protein_*,100,ASP,3294.02
P03612_Coat_Protein_*,101,CYS,78.69
P03612_Coat_Protein_*,102,GLU,16970.36
P03612_Coat_Protein_*,103,LEU,7494.53
P03612_Coat_Protein_*,104,ILE,1049.38
P03612_Coat_Protein_*,105,VAL,1593.79
P03612_Coat_Protein_*,106,LYS,12719.24
P03612_Coat_Protein_*,107,ALA,324.23
P03612_Coat_Protein_*,108,MET,1327.58
P03612_Coat_Protein_*,109,GLN,9699.88
P03612_Coat_Protein_*,110,GLY,1943.17
P03612_Coat_Protein_*,111,LEU,193.08
P03612_Coat_Protein_*,112,LEU,1071.26
P03612_Coat_Protein_*,113,LYS,21244.02
P03612_Coat_Protein_*,114,ASP,19770.13
P03612_Coat_Protein_*,115,GLY,11525.98
P03612_Coat_Protein_*,116,ASN,4293.83
P03612_Coat_Protein_*,117,PRO,1124.6
P03612_Coat_Protein_*,118,ILE,321.07
P03612_Coat_Protein_*,119,PRO,856.24
P03612_Coat_Protein_*,120,SER,8401.85
P03612_Coat_Protein_*,121,ALA,272.59
P03612_Coat_Protein_*,122,ILE,190.79
P03612_Coat_Protein_*,123,ALA,4099.01
P03612_Coat_Protein_*,124,ALA,6596.68
P03612_Coat_Protein_*,125,ASN,1290.84
P03612_Coat_Protein_*,126,SER,1562.38
P03612_Coat_Protein_*,127,GLY,224.38
P03612_Coat_Protein_*,128,ILE,1661.19
P03612_Coat_Protein_*,129,TYR,7318.22
